Cluster,Mean_Length,Median_Length,Mode_Length,StdDev_Length,Min_Length,Max_Length,Mean_Time_Taken,Median_Time_Taken,Mode_Time_Taken,StdDev_Time_Taken,Min_Time_Taken,Max_Time_Taken,Mode_Color_Preference
2,11.928571428571429,11.5,15,2.7586029271879835,8,16,0.0,0.0,0.0,0.0,0.0,0.0,yellow
1,4.05,4.0,2,1.6050905860647506,2,7,0.00040084123611450195,0.0,0.0,0.0017926165042741402,0.0,0.008016824722290039,blue
0,12.117647058823529,12.0,11,3.672232851773844,6,19,0.00012975580552045037,0.0,0.0,0.0005349968916979201,0.0,0.0022058486938476562,blue
3,8.76923076923077,8.0,8,2.1273554065179203,6,12,7.35613015981821e-05,0.0,0.0,0.0002652290448021166,0.0,0.0009562969207763672,red
